{"cameraMode":{"drawMode":0,"name":"Shaded","section":"Shading Mode"},"sceneLighting":false,"audioPlay":false,"sceneViewState":{"showFog":true,"showMaterialUpdate":false,"showSkybox":false,"showFlares":true,"showImageEffects":true,"showParticleSystems":true},"in2DMode":false,"pivot":{"x":3.8170742988586427,"y":-8.55173110961914,"z":-8.375570297241211},"rotation":{"x":0.24706323444843293,"y":0.7449026107788086,"z":-0.3703593313694,"w":0.49691805243492129},"size":22.583826065063478,"orthographic":false}