{"cameraMode":{"drawMode":0,"name":"Shaded","section":"Shading Mode"},"sceneLighting":false,"audioPlay":false,"sceneViewState":{"showFog":true,"showMaterialUpdate":false,"showSkybox":false,"showFlares":true,"showImageEffects":true,"showParticleSystems":true},"in2DMode":false,"pivot":{"x":0.4395161271095276,"y":-5.2659454345703129,"z":-4.668018817901611},"rotation":{"x":0.006842588074505329,"y":0.8930723071098328,"z":-0.4497259855270386,"w":0.01367335207760334},"size":22.309175491333009,"orthographic":false}